user_id,gender,age,join_date
U0000,Male,38,2022-07-22
U0001,Female,49,2022-01-26
U0002,Male,40,2022-06-22
U0003,Male,50,2022-10-27
U0004,Male,20,2022-05-13
U0005,Female,35,2022-11-22
U0006,Male,42,2022-04-28
U0007,Male,48,2022-11-20
U0008,Male,20,2022-10-02
U0009,Female,41,2022-07-31
U0010,Male,49,2022-08-13
U0011,Male,39,2022-01-20
U0012,Male,40,2022-04-23
U0013,Male,19,2022-05-20
U0014,Female,44,2022-02-16
U0015,Male,19,2022-01-01
U0016,Female,43,2022-03-31
U0017,Female,34,2022-05-22
U0018,Female,50,2022-11-16
U0019,Male,26,2022-02-07
U0020,Female,46,2022-10-20
U0021,Male,43,2022-05-19
U0022,Female,52,2022-12-22
U0023,Female,42,2022-11-29
U0024,Female,41,2022-09-16
U0025,Female,30,2022-06-10
U0026,Female,24,2022-06-27
U0027,Female,53,2022-01-10
U0028,Female,37,2022-09-18
U0029,Female,18,2022-05-18
U0030,Male,25,2022-06-21
U0031,Male,33,2022-01-13
U0032,Female,31,2022-06-17
U0033,Female,29,2022-05-10
U0034,Female,40,2022-03-25
U0035,Male,32,2022-11-17
U0036,Female,45,2022-11-15
U0037,Male,51,2022-04-11
U0038,Male,19,2022-11-25
U0039,Male,49,2022-09-30
U0040,Male,40,2022-09-22
U0041,Male,39,2022-02-07
U0042,Female,42,2022-04-04
U0043,Female,39,2022-04-05
U0044,Female,39,2022-11-01
U0045,Female,23,2022-03-10
U0046,Female,32,2022-11-14
U0047,Male,54,2022-08-24
U0048,Female,50,2022-11-30
U0049,Female,25,2022-05-17
U0050,Male,22,2022-03-17
U0051,Female,21,2022-02-04
U0052,Male,23,2022-01-01
U0053,Female,49,2022-10-23
U0054,Male,47,2022-11-16
U0055,Female,52,2022-03-01
U0056,Female,33,2022-11-16
U0057,Male,30,2022-12-15
U0058,Male,47,2022-11-24
U0059,Male,36,2022-09-24
U0060,Male,34,2022-12-27
U0061,Male,36,2022-08-17
U0062,Male,45,2022-09-27
U0063,Male,43,2022-11-12
U0064,Male,54,2022-10-13
U0065,Female,43,2022-10-18
U0066,Female,40,2022-08-01
U0067,Male,26,2022-06-14
U0068,Female,29,2022-01-05
U0069,Female,18,2022-12-05
U0070,Female,18,2022-03-19
U0071,Female,51,2022-03-03
U0072,Male,49,2022-05-12
U0073,Female,42,2022-03-30
U0074,Male,18,2022-08-25
U0075,Female,33,2022-02-11
U0076,Female,22,2022-03-30
U0077,Female,39,2022-10-23
U0078,Male,46,2022-11-24
U0079,Female,20,2022-10-22
U0080,Male,29,2022-04-14
U0081,Female,43,2022-01-14
U0082,Male,33,2022-10-15
U0083,Female,54,2022-06-28
U0084,Male,39,2022-05-05
U0085,Male,46,2022-12-19
U0086,Female,31,2022-01-23
U0087,Male,45,2022-03-04
U0088,Female,22,2022-05-23
U0089,Female,47,2022-06-02
U0090,Female,22,2022-05-25
U0091,Female,29,2022-08-13
U0092,Female,33,2022-11-05
U0093,Female,43,2022-04-14
U0094,Female,43,2022-04-14
U0095,Female,38,2022-02-08
U0096,Female,53,2022-07-17
U0097,Female,50,2022-05-14
U0098,Female,47,2022-03-08
U0099,Male,54,2022-06-28
U0100,Male,40,2022-02-11
U0101,Female,27,2022-01-15
U0102,Female,22,2022-04-21
U0103,Female,53,2022-06-06
U0104,Female,51,2022-10-16
U0105,Female,48,2022-08-19
U0106,Female,27,2022-06-06
U0107,Female,36,2022-02-07
U0108,Female,49,2022-04-07
U0109,Male,18,2022-10-16
U0110,Female,22,2022-09-11
U0111,Male,21,2022-07-15
U0112,Female,33,2022-03-27
U0113,Female,41,2022-11-18
U0114,Male,33,2022-01-10
U0115,Female,19,2022-01-05
U0116,Male,45,2022-05-03
U0117,Female,49,2022-11-26
U0118,Female,44,2022-12-19
U0119,Male,37,2022-04-28
U0120,Female,41,2022-10-21
U0121,Male,29,2022-06-08
U0122,Female,52,2022-10-30
U0123,Male,50,2022-08-16
U0124,Male,50,2022-12-31
U0125,Female,54,2022-08-04
U0126,Female,29,2022-07-03
U0127,Male,20,2022-01-15
U0128,Female,18,2022-06-06
U0129,Female,50,2022-05-16
U0130,Female,27,2022-09-18
U0131,Male,46,2022-06-06
U0132,Male,30,2022-02-16
U0133,Male,29,2022-11-20
U0134,Male,48,2022-11-28
U0135,Male,19,2022-06-22
U0136,Male,52,2022-05-10
U0137,Male,40,2022-04-05
U0138,Male,34,2022-04-25
U0139,Male,43,2022-08-31
U0140,Female,25,2022-10-19
U0141,Male,46,2022-10-09
U0142,Female,43,2022-10-26
U0143,Female,27,2022-10-10
U0144,Female,43,2022-03-10
U0145,Male,51,2022-05-28
U0146,Male,24,2022-01-11
U0147,Male,21,2022-09-11
U0148,Male,28,2022-11-26
U0149,Female,46,2022-12-26
U0150,Male,53,2022-02-07
U0151,Male,42,2022-05-14
U0152,Male,38,2022-07-19
U0153,Male,53,2022-01-23
U0154,Male,27,2022-10-30
U0155,Female,54,2022-12-12
U0156,Male,26,2022-10-29
U0157,Female,41,2022-12-29
U0158,Male,52,2022-08-06
U0159,Female,52,2022-05-21
U0160,Male,53,2022-04-14
U0161,Male,35,2022-07-29
U0162,Female,49,2022-04-21
U0163,Female,41,2022-04-14
U0164,Female,40,2022-11-12
U0165,Male,49,2022-06-20
U0166,Female,54,2022-12-22
U0167,Male,29,2022-11-20
U0168,Male,30,2022-05-13
U0169,Female,40,2022-10-20
U0170,Female,42,2022-11-24
U0171,Male,52,2022-05-07
U0172,Male,47,2022-04-16
U0173,Female,34,2022-04-02
U0174,Female,37,2022-10-14
U0175,Female,42,2022-02-20
U0176,Male,39,2022-01-29
U0177,Male,30,2022-10-23
U0178,Male,36,2022-10-24
U0179,Male,53,2022-08-02
U0180,Male,29,2022-09-24
U0181,Male,36,2022-09-14
U0182,Female,29,2022-10-29
U0183,Male,26,2022-04-11
U0184,Male,24,2022-12-12
U0185,Male,45,2022-04-20
U0186,Female,31,2022-07-01
U0187,Male,48,2022-11-09
U0188,Male,36,2022-01-01
U0189,Female,33,2022-11-15
U0190,Male,22,2022-02-24
U0191,Male,52,2022-05-29
U0192,Male,29,2022-11-05
U0193,Male,42,2022-05-17
U0194,Male,38,2022-07-21
U0195,Female,53,2022-11-09
U0196,Female,40,2022-04-27
U0197,Female,33,2022-06-03
U0198,Male,31,2022-10-18
U0199,Male,48,2022-03-04
U0200,Male,22,2022-09-01
U0201,Female,52,2022-01-25
U0202,Male,40,2022-03-31
U0203,Male,46,2022-03-16
U0204,Female,28,2022-10-21
U0205,Male,35,2022-07-29
U0206,Female,29,2022-12-13
U0207,Female,26,2022-01-17
U0208,Female,27,2022-05-08
U0209,Male,34,2022-12-30
U0210,Male,24,2022-09-08
U0211,Male,30,2022-06-28
U0212,Male,26,2022-07-01
U0213,Male,44,2022-06-01
U0214,Male,19,2022-01-25
U0215,Male,22,2022-06-29
U0216,Female,46,2022-07-17
U0217,Male,54,2022-12-10
U0218,Female,36,2022-06-10
U0219,Male,25,2022-06-26
U0220,Male,18,2022-10-12
U0221,Male,39,2022-03-04
U0222,Female,34,2022-05-30
U0223,Female,24,2022-06-03
U0224,Female,42,2022-06-05
U0225,Female,21,2022-02-18
U0226,Male,53,2022-12-03
U0227,Female,23,2022-03-25
U0228,Male,48,2022-12-27
U0229,Male,36,2022-06-26
U0230,Female,44,2022-05-28
U0231,Female,27,2022-04-28
U0232,Female,43,2022-12-08
U0233,Female,36,2022-03-04
U0234,Female,20,2022-07-08
U0235,Female,30,2022-12-26
U0236,Female,45,2022-02-18
U0237,Female,37,2022-11-23
U0238,Male,45,2022-09-14
U0239,Female,25,2022-08-12
U0240,Female,18,2022-05-21
U0241,Male,20,2022-08-03
U0242,Female,30,2022-07-30
U0243,Male,45,2022-11-14
U0244,Male,42,2022-02-01
U0245,Female,50,2022-06-07
U0246,Male,23,2022-10-12
U0247,Male,49,2022-11-01
U0248,Male,38,2022-10-13
U0249,Male,33,2022-05-24
U0250,Female,38,2022-01-19
U0251,Male,28,2022-01-18
U0252,Female,54,2022-09-14
U0253,Male,53,2022-03-19
U0254,Male,52,2022-06-24
U0255,Male,36,2022-07-13
U0256,Male,37,2022-04-23
U0257,Female,35,2022-04-24
U0258,Female,31,2022-08-10
U0259,Male,32,2022-06-15
U0260,Male,48,2022-11-15
U0261,Female,18,2022-05-12
U0262,Male,20,2022-09-21
U0263,Male,33,2022-02-24
U0264,Male,40,2022-12-25
U0265,Female,28,2022-05-11
U0266,Female,29,2022-10-15
U0267,Female,27,2022-09-23
U0268,Male,49,2022-06-11
U0269,Male,33,2022-03-28
U0270,Female,25,2022-02-24
U0271,Female,29,2022-10-15
U0272,Female,41,2022-06-27
U0273,Female,45,2022-12-15
U0274,Male,25,2022-01-08
U0275,Female,45,2022-11-17
U0276,Male,53,2022-11-09
U0277,Female,43,2022-09-04
U0278,Male,25,2022-11-19
U0279,Female,45,2022-09-12
U0280,Female,45,2022-11-24
U0281,Female,54,2022-02-23
U0282,Female,53,2022-09-06
U0283,Male,44,2022-08-27
U0284,Female,34,2022-08-17
U0285,Male,26,2022-03-08
U0286,Male,50,2022-02-20
U0287,Male,37,2022-04-07
U0288,Male,30,2022-04-02
U0289,Female,45,2022-09-21
U0290,Male,46,2022-10-18
U0291,Male,30,2022-04-06
U0292,Male,52,2022-03-29
U0293,Female,23,2022-03-19
U0294,Female,35,2022-10-15
U0295,Female,22,2022-04-30
U0296,Female,42,2022-10-29
U0297,Male,19,2022-06-14
U0298,Male,27,2022-07-01
U0299,Female,47,2022-08-11
U0300,Male,22,2022-11-07
U0301,Male,50,2022-01-07
U0302,Male,18,2022-11-26
U0303,Female,35,2022-09-20
U0304,Female,49,2022-06-10
U0305,Male,28,2022-05-31
U0306,Female,38,2022-03-26
U0307,Female,43,2022-05-27
U0308,Female,42,2022-04-22
U0309,Female,39,2022-02-05
U0310,Female,44,2022-10-12
U0311,Male,30,2022-07-07
U0312,Female,50,2022-03-23
U0313,Male,51,2022-01-02
U0314,Male,52,2022-10-30
U0315,Female,18,2022-07-16
U0316,Male,38,2022-01-11
U0317,Male,23,2022-08-22
U0318,Male,45,2022-07-14
U0319,Female,34,2022-04-29
U0320,Female,22,2022-01-20
U0321,Male,48,2022-09-18
U0322,Female,22,2022-10-20
U0323,Female,20,2022-09-13
U0324,Female,40,2022-08-10
U0325,Female,54,2022-08-14
U0326,Male,54,2022-02-22
U0327,Male,27,2022-12-21
U0328,Female,27,2022-12-08
U0329,Female,36,2022-12-30
U0330,Male,34,2022-10-07
U0331,Male,38,2022-03-22
U0332,Female,31,2022-07-21
U0333,Male,26,2022-06-07
U0334,Female,18,2022-04-30
U0335,Female,30,2022-02-28
U0336,Male,21,2022-08-03
U0337,Male,18,2022-05-08
U0338,Female,49,2022-08-12
U0339,Female,51,2022-07-28
U0340,Male,45,2022-04-25
U0341,Female,48,2022-07-28
U0342,Male,25,2022-01-14
U0343,Female,43,2022-01-09
U0344,Male,51,2022-02-09
U0345,Male,20,2022-08-25
U0346,Male,29,2022-10-08
U0347,Female,18,2022-12-25
U0348,Female,22,2022-07-20
U0349,Male,47,2022-09-03
U0350,Female,47,2022-10-05
U0351,Male,34,2022-08-23
U0352,Male,40,2022-01-04
U0353,Female,32,2022-06-03
U0354,Female,54,2022-01-29
U0355,Male,38,2022-04-19
U0356,Female,31,2022-04-08
U0357,Female,19,2022-08-03
U0358,Male,28,2022-10-20
U0359,Male,51,2022-03-16
U0360,Female,51,2022-11-22
U0361,Male,35,2022-05-26
U0362,Male,47,2022-05-08
U0363,Female,32,2022-12-07
U0364,Male,44,2022-02-11
U0365,Male,51,2022-12-22
U0366,Female,50,2022-02-10
U0367,Female,41,2022-02-03
U0368,Male,32,2022-01-17
U0369,Male,47,2022-06-14
U0370,Female,34,2022-06-02
U0371,Female,22,2022-03-17
U0372,Female,46,2022-03-28
U0373,Female,21,2022-04-27
U0374,Male,27,2022-12-28
U0375,Female,34,2022-12-08
U0376,Female,27,2022-01-27
U0377,Male,34,2022-11-09
U0378,Female,37,2022-10-14
U0379,Male,41,2022-05-14
U0380,Female,22,2022-08-07
U0381,Female,51,2022-06-17
U0382,Female,23,2022-04-08
U0383,Male,19,2022-09-25
U0384,Male,30,2022-08-25
U0385,Female,28,2022-11-05
U0386,Male,40,2022-06-22
U0387,Male,33,2022-07-09
U0388,Male,48,2022-05-02
U0389,Male,28,2022-02-15
U0390,Male,33,2022-03-05
U0391,Male,25,2022-05-10
U0392,Female,21,2022-11-06
U0393,Female,21,2022-12-29
U0394,Male,42,2022-07-12
U0395,Female,20,2022-11-03
U0396,Female,49,2022-06-30
U0397,Female,20,2022-10-19
U0398,Female,44,2022-10-09
U0399,Male,46,2022-01-29
U0400,Female,49,2022-05-29
U0401,Female,36,2022-09-24
U0402,Male,38,2022-10-23
U0403,Male,22,2022-01-11
U0404,Female,35,2022-06-13
U0405,Female,45,2022-04-23
U0406,Female,39,2022-07-06
U0407,Female,38,2022-10-22
U0408,Female,23,2022-08-20
U0409,Female,18,2022-08-15
U0410,Male,22,2022-11-06
U0411,Female,29,2022-04-08
U0412,Female,43,2022-02-24
U0413,Male,51,2022-04-21
U0414,Male,31,2022-06-01
U0415,Male,43,2022-09-03
U0416,Male,44,2022-03-10
U0417,Female,26,2022-11-08
U0418,Female,43,2022-10-16
U0419,Female,39,2022-09-07
U0420,Female,47,2022-02-05
U0421,Female,34,2022-08-27
U0422,Female,43,2022-05-28
U0423,Male,53,2022-08-15
U0424,Female,18,2022-09-01
U0425,Male,25,2022-12-03
U0426,Male,52,2022-12-31
U0427,Female,32,2022-07-20
U0428,Male,39,2022-06-03
U0429,Female,31,2022-03-14
U0430,Male,43,2022-07-20
U0431,Female,45,2022-10-23
U0432,Male,40,2022-01-17
U0433,Female,31,2022-05-09
U0434,Female,41,2022-08-05
U0435,Female,19,2022-03-02
U0436,Female,43,2022-04-14
U0437,Female,31,2022-02-11
U0438,Male,24,2022-01-25
U0439,Male,20,2022-02-08
U0440,Male,40,2022-10-18
U0441,Female,35,2022-05-11
U0442,Male,52,2022-08-17
U0443,Female,32,2022-04-18
U0444,Female,42,2022-06-21
U0445,Male,54,2022-04-12
U0446,Male,45,2022-12-20
U0447,Female,27,2022-01-12
U0448,Male,34,2022-10-02
U0449,Female,39,2022-04-11
U0450,Female,43,2022-02-13
U0451,Female,42,2022-11-01
U0452,Female,34,2022-01-17
U0453,Female,30,2022-11-26
U0454,Male,37,2022-02-26
U0455,Male,42,2022-11-07
U0456,Female,21,2022-10-30
U0457,Female,27,2022-01-12
U0458,Male,20,2022-11-14
U0459,Male,35,2022-03-21
U0460,Female,53,2022-08-04
U0461,Male,39,2022-12-05
U0462,Female,51,2022-09-21
U0463,Male,25,2022-05-29
U0464,Female,36,2022-03-22
U0465,Male,54,2022-08-03
U0466,Female,23,2022-07-17
U0467,Male,43,2022-07-19
U0468,Male,51,2022-01-25
U0469,Female,23,2022-03-30
U0470,Male,54,2022-09-25
U0471,Female,50,2022-05-23
U0472,Male,39,2022-02-28
U0473,Female,38,2022-12-31
U0474,Male,23,2022-01-26
U0475,Female,23,2022-02-16
U0476,Male,21,2022-10-15
U0477,Female,47,2022-09-23
U0478,Male,28,2022-01-16
U0479,Female,47,2022-07-18
U0480,Female,48,2022-10-09
U0481,Female,41,2022-03-27
U0482,Male,26,2022-09-07
U0483,Female,20,2022-09-27
U0484,Male,48,2022-12-01
U0485,Female,54,2022-04-27
U0486,Male,53,2022-01-07
U0487,Female,41,2022-05-17
U0488,Male,48,2022-06-25
U0489,Male,23,2022-11-24
U0490,Female,19,2022-11-11
U0491,Male,37,2022-08-03
U0492,Male,45,2022-03-23
U0493,Female,28,2022-08-11
U0494,Male,21,2022-04-13
U0495,Male,32,2022-09-30
U0496,Male,23,2022-01-14
U0497,Female,47,2022-06-08
U0498,Male,19,2022-06-01
U0499,Female,32,2022-04-18
